# name,# catalog-job 2021-10-06
# SQL,"# -- Note that in practice you should not use the pixelflags marked by /**/
# -- in searching deep/udeep fields though they are useful in wide fields.
# -- In fact, the longer the total exposure time is,
# -- the more likely pixels are affected by clipping, cosmic rays, and interpolation.
# -- If you exclude objects affected by these things in deep/udeep fields,
# -- you will miss many wanted objects.
# 
# SELECT
#         object_id
#       , ra
#       , dec
# 	  , tract
# 	  , patch
#       , g_cmodel_flux
#       , g_cmodel_fluxerr
#       , r_cmodel_flux
#       , r_cmodel_fluxerr
#       , i_cmodel_flux
#       , i_cmodel_fluxerr
#       , z_cmodel_flux
#       , z_cmodel_fluxerr
#       , y_cmodel_flux
#       , y_cmodel_fluxerr
#       , g_psfflux_flux
#       , g_psfflux_fluxerr
#       , r_psfflux_flux
#       , r_psfflux_fluxerr
#       , i_psfflux_flux
#       , i_psfflux_fluxerr
#       , z_psfflux_flux
#       , z_psfflux_fluxerr
#       , y_psfflux_flux
#       , y_psfflux_fluxerr
#       , i_extendedness_value
#       , a_g
#       , a_r
#       , a_i
#       , a_z
#       , a_y
#     FROM
#         pdr3_dud.forced
#         JOIN pdr3_dud.forced2 USING (object_id)
#     WHERE
#         isprimary
#     AND NOT g_sdsscentroid_flag
#     AND NOT r_sdsscentroid_flag
#     AND NOT i_sdsscentroid_flag
#     AND NOT z_sdsscentroid_flag
#     AND NOT y_sdsscentroid_flag
#     AND NOT g_pixelflags_edge
#     AND NOT r_pixelflags_edge
#     AND NOT i_pixelflags_edge
#     AND NOT z_pixelflags_edge
#     AND NOT y_pixelflags_edge
#     AND NOT g_pixelflags_interpolatedcenter /**/
#     AND NOT r_pixelflags_interpolatedcenter /**/
#     AND NOT i_pixelflags_interpolatedcenter /**/
#     AND NOT z_pixelflags_interpolatedcenter /**/
#     AND NOT y_pixelflags_interpolatedcenter /**/
#     AND NOT g_pixelflags_saturatedcenter
#     AND NOT r_pixelflags_saturatedcenter
#     AND NOT i_pixelflags_saturatedcenter
#     AND NOT z_pixelflags_saturatedcenter
#     AND NOT y_pixelflags_saturatedcenter
#     AND NOT g_pixelflags_crcenter /**/
#     AND NOT r_pixelflags_crcenter /**/
#     AND NOT i_pixelflags_crcenter /**/
#     AND NOT z_pixelflags_crcenter /**/
#     AND NOT y_pixelflags_crcenter /**/
#     AND NOT g_pixelflags_bad
#     AND NOT r_pixelflags_bad
#     AND NOT i_pixelflags_bad
#     AND NOT z_pixelflags_bad
#     AND NOT y_pixelflags_bad
#     AND NOT g_cmodel_flag
#     AND NOT r_cmodel_flag
#     AND NOT i_cmodel_flag
#     AND NOT z_cmodel_flag
#     AND NOT y_cmodel_flag
#     LIMIT 100
# ;
# 
# -- * Flags pixelflags_* vs. pixelflags_*center
# --   ""any"" (without ""center"") flags are set when any of the pixels in the object's
# --   footprint is bad. The critera ""NOT pixelflags_*"" are too strict. Since most of
# --   the object's flux comes from its center, it is usually safe to accept bad
# --   conditions in the outskirt of the object.
# --
# -- * Condition ""isprimary"" is true
# --   - no children
# --   - in the inner region of a coadd patch (detect_ispatchinner)
# --   - in the inner region of a coadd tract (detect_istractinner)
# --   - not ""detected"" in a pseudo-filter (see config.pseudoFilterList)
# "
#
object_id,ra,dec,tract,patch,g_cmodel_flux,g_cmodel_fluxerr,r_cmodel_flux,r_cmodel_fluxerr,i_cmodel_flux,i_cmodel_fluxerr,z_cmodel_flux,z_cmodel_fluxerr,y_cmodel_flux,y_cmodel_fluxerr,g_psfflux_flux,g_psfflux_fluxerr,r_psfflux_flux,r_psfflux_fluxerr,i_psfflux_flux,i_psfflux_fluxerr,z_psfflux_flux,z_psfflux_fluxerr,y_psfflux_flux,y_psfflux_fluxerr,i_extendedness_value,a_g,a_r,a_i,a_z,a_y
36429186755198983,36.323572768250294,-6.051458589327096,8283,107,697.217285,45.0159721,1163.86646,49.593502,2151.90479,93.6605759,2684.91382,93.9046173,4135.96436,368.362793,451.958466,33.1446457,590.91571,28.6757545,1511.50696,68.9970779,1906.08667,70.02845,2396.2644,229.717102,1.0,0.10500595,0.0737634376,0.052924294,0.0409328751,0.0348399393
36429186755198988,36.33717754963229,-6.050329257477792,8283,107,886.593384,37.7311363,883.639526,34.4876213,713.276428,78.033371,845.24231,80.3050232,745.858337,272.837494,793.216309,33.6094017,708.900879,28.3813744,626.232666,67.4795609,741.174561,69.8630066,671.546265,240.477875,1.0,0.105221696,0.0739149973,0.0530330352,0.0410169773,0.0349115208
36429186755199001,36.329719682425484,-6.045705195105054,8283,107,358.195435,46.7362289,635.200378,47.8206062,1115.84802,104.40432,978.700562,88.010994,1770.7041,313.025787,248.3741,32.8282089,381.614197,30.8725109,778.752319,74.3989487,762.304749,71.0284653,1175.49585,234.680603,1.0,0.105027273,0.0737784207,0.0529350452,0.04094119,0.0348470137
36429186755199005,36.34218236544309,-6.045032181800362,8283,107,975.222717,52.9230385,1695.77686,62.1022453,3927.74951,112.474731,4927.229,108.004105,6064.25098,385.772247,544.21582,35.1036797,582.889404,30.9091549,2341.83496,75.5788574,3020.42139,72.842247,3107.70068,232.584152,1.0,0.105222702,0.0739156976,0.0530335419,0.0410173684,0.0349118561
36429186755199006,36.327711603925685,-6.044507911720864,8283,107,179.868301,40.7896309,357.106781,44.3637543,773.678894,93.4216232,1724.39648,84.8069763,3103.54932,301.180786,136.54454,31.8863239,211.753342,30.240036,610.015625,73.9809723,1401.03784,70.5281448,2188.49316,234.88588,1.0,0.104974419,0.0737412944,0.0529084057,0.0409205854,0.0348294787
36429186755199009,36.326932755420785,-6.0424831143224065,8283,107,10557.6729,48.9285316,13758.5029,46.0632782,15392.0518,79.0150146,15902.5029,77.6424942,16521.4609,246.811127,10598.2969,48.8972244,13890.2754,46.4485359,15396.7041,78.5287628,15919.041,77.3927155,16565.7637,247.189072,0.0,0.104931176,0.073710911,0.052886609,0.0409037285,0.0348151289
36429186755199012,36.32511110682729,-6.041738953428923,8283,107,458.796814,44.4140091,411.282562,47.6261215,513.658447,89.4980545,774.716064,90.3820572,1177.69177,325.088196,328.966644,33.4310036,214.083618,28.3090515,369.632233,67.832283,580.66394,69.264473,810.7005,227.62883,1.0,0.104887664,0.0736803487,0.0528646782,0.0408867635,0.0348006934
36429186755199015,36.3412128142582,-6.0407469797904705,8283,107,1539.84949,48.6321487,2034.46411,50.4168587,3012.8064,103.024193,3940.7373,98.7885818,5806.6748,363.958679,1041.26599,33.574955,1120.72681,28.6415768,2039.73511,71.4183197,2781.94434,70.5306778,3606.10864,236.27832,1.0,0.10510654,0.0738340989,0.0529749952,0.0409720875,0.0348733142
36429186755199028,36.33460001319063,-6.051385847195552,8283,107,221.769653,34.6463089,304.264923,30.9196014,294.754272,72.3249893,380.245239,74.8841705,532.602783,260.889038,207.801254,32.666832,264.184784,27.4664536,273.28064,67.3392868,325.851471,69.9661255,453.306976,240.935776,1.0,0.105195843,0.0738968328,0.0530200042,0.0410069004,0.0349029452
36429186755199624,36.32690357299835,-6.0492974212982835,8283,107,1127.40796,56.824688,917.931824,51.6275711,1640.12378,90.7569733,2503.58179,119.949402,3056.35645,332.103607,639.792969,33.6583214,469.882446,29.5646496,1257.3656,70.389801,1456.14185,71.884201,2017.51245,241.704391,1.0,0.105031997,0.0737817362,0.0529374219,0.0409430265,0.034848582
36429186755199627,36.33769391593804,-6.047619155912532,8283,107,2871.62427,46.2536354,3988.89136,49.0552711,4696.92041,89.7911987,5186.32812,90.6188354,6219.74561,324.967743,2087.72021,37.7837486,2285.44019,33.9524002,3766.30371,73.771431,4036.43164,72.4812851,4452.61719,234.500198,1.0,0.105189294,0.0738922283,0.0530166999,0.0410043448,0.0349007696
36429186755199632,36.32564490844894,-6.04366251160755,8283,107,494.682312,38.2282791,-899.941895,36.8350716,849.759399,79.1777725,873.907959,78.1243362,1778.95251,267.731903,446.03363,34.522377,-609.902893,29.8401432,748.755615,70.1462555,774.425354,69.439621,1547.98474,229.59465,1.0,0.104925118,0.0737066567,0.0528835543,0.0409013666,0.0348131172
36429186755199635,36.321793651112,-6.041036456408475,8283,107,132.358246,37.4812088,233.7827,34.1016579,309.914337,74.8631363,440.406128,75.063179,1114.22864,247.682297,116.079803,33.290062,188.232956,28.2275085,282.206055,66.69487,423.090454,70.6805496,1105.6875,231.306549,1.0,0.104816459,0.0736303329,0.0528287925,0.0408590101,0.0347770676
36429186755199636,36.32160944626501,-6.040982703592908,8283,107,295.746063,44.0008659,311.786102,44.8685074,216.405701,88.8075027,431.297485,97.2728424,507.684479,305.180176,205.071136,31.0880852,181.920395,28.6746311,172.864075,70.5644379,314.776886,70.783989,369.675354,226.537216,1.0,0.10481225,0.0736273676,0.0528266691,0.0408573672,0.0347756706
36429191050166284,36.334281022479864,-6.039917267842662,8283,108,757.143066,37.0232048,1986.80969,36.9203339,4879.15918,78.3027573,6445.9082,83.14814,7795.98584,283.905273,655.276855,32.2686005,1542.80542,29.7378006,4309.53174,69.3108597,5673.49316,73.8843765,6709.46826,248.554306,1.0,0.105022676,0.0737751871,0.0529327281,0.0409393944,0.03484549
36429191050166286,36.31987640291925,-6.039104611701599,8283,108,976.929565,41.8708038,1908.06873,50.8597832,2572.76709,96.1061096,2273.19824,87.1124191,2397.92383,317.328827,699.339294,31.3061981,1007.36658,30.0129795,1820.86963,71.3767471,1640.51099,65.5543137,1537.38306,223.553925,1.0,0.104752913,0.0735856891,0.0527967624,0.0408342369,0.0347559825
36429191050166287,36.32661252566444,-6.037718385761914,8283,108,220.168488,31.8094311,1062.57288,34.0038986,3058.76367,78.2495728,4301.08154,74.3690491,4769.50635,251.380997,213.682907,30.589632,974.11792,31.5880756,2962.33423,75.5302429,4149.23926,71.6260529,4509.73047,240.411713,1.0,0.104858547,0.0736598969,0.0528500043,0.0408754162,0.0347910337
36429191050166289,36.340900453267864,-6.036906193235618,8283,108,499.791718,42.5349998,1665.79846,46.4387703,3775.37451,88.6683273,5093.41406,89.0926971,6591.5459,359.293976,388.241028,33.7689285,962.909912,30.4182529,2904.09912,70.8808899,4022.77368,72.1056442,4317.2002,243.328827,1.0,0.104982965,0.0737472922,0.0529127121,0.0409239158,0.0348323137
36429191050166291,36.34278091797167,-6.035845376138161,8283,108,433.338257,43.978508,678.633667,51.3709946,917.448792,96.6193008,1580.29712,96.9053574,2625.11523,438.585602,287.049103,30.4386482,295.350555,27.3278427,627.683899,68.2883224,1084.90222,70.0962601,1365.37329,244.734726,1.0,0.104939722,0.0737169161,0.0528909154,0.0409070589,0.0348179638
36429191050166296,36.32999707583382,-6.033494707773182,8283,108,7991.59424,47.1476593,8970.95703,42.8382988,15865.3975,78.7671967,15034.9658,115.304672,12596.4688,239.886414,8113.93799,46.721653,9356.67676,43.0996208,15731.085,77.6190491,15201.5381,113.562859,12845.0928,235.840561,0.0,0.104862668,0.0736627877,0.0528520793,0.0408770218,0.0347923972
36429191050166297,36.33791236635421,-6.032684386407276,8283,108,75.5478668,29.8757381,278.523987,28.6643124,611.768677,68.9103928,743.75061,101.103622,703.551758,228.041992,74.590004,29.5955372,284.336334,28.810276,613.512207,68.5659027,740.0354,100.730797,741.094543,228.364197,0.0,0.104852609,0.0736557245,0.0528470129,0.0408731028,0.034789063
36429191050166299,36.33229103567892,-6.032011724876792,8283,108,2246.12915,60.4235916,4602.19873,76.158638,6876.93848,128.332169,7925.25391,183.870865,10223.5596,541.721191,960.897156,32.8048973,1312.71851,29.1466866,3163.8335,71.4594879,3760.24927,102.912598,3743.21533,237.82225,1.0,0.10487552,0.0736718178,0.0528585576,0.0408820324,0.0347966626
36429191050166300,36.339324551226184,-6.031350588819335,8283,108,229.20314,32.0021286,285.739136,28.9010391,521.698669,69.7317505,494.76181,104.241814,696.723877,247.893875,230.785141,31.8691235,286.744812,28.7909184,505.740448,69.3696976,497.197052,103.807884,700.957336,246.937027,1.0,0.104795374,0.0736155212,0.0528181642,0.0408507921,0.0347700715
36429191050166303,36.32406897314734,-6.030377481822588,8283,108,311.436798,41.7413979,390.381195,53.4142685,769.518921,94.9195557,1258.56116,137.94339,2122.68652,345.854004,193.026016,28.7353325,177.185852,28.7399654,526.542664,68.7678757,895.591919,101.053185,1193.2262,230.142883,1.0,0.104715027,0.0735590756,0.0527776666,0.0408194698,0.0347434133
36429191050166305,36.323531473832226,-6.029475294132801,8283,108,443.184052,36.7586212,562.435608,42.8817825,723.174866,89.7171555,1338.55542,119.792397,1664.07703,309.973541,346.825867,28.9809875,349.416443,28.5573788,607.328247,74.0850296,861.511719,76.8904266,1283.90527,239.48053,1.0,0.104693592,0.073544018,0.0527668633,0.040811114,0.0347363017
36429191050166307,36.329205839359275,-6.028112408815531,8283,108,185.810394,36.127285,465.357147,38.9031029,877.363953,83.0930405,809.644165,80.2929993,982.487122,298.741211,145.734512,30.4379597,300.511688,28.3867474,752.095642,71.5234756,677.873474,69.2445831,789.764038,246.449661,1.0,0.104767546,0.0735959634,0.0528041348,0.0408399403,0.0347608365
36429191050166315,36.32690976673377,-6.02519161600511,8283,108,396.934174,36.6373749,477.27301,38.7702408,415.485931,57.4335022,526.156433,68.1952591,802.727417,231.798828,340.368622,30.8965588,365.768402,30.4329243,416.164795,52.3788452,485.348663,58.3169289,756.930298,195.364624,0.0,0.104686044,0.0735387206,0.0527630597,0.040808171,0.0347337984
36429191050166362,36.3254823822875,-6.003453896053106,8283,108,258.715149,37.2793388,424.915405,31.0707111,697.203247,70.0473251,844.046875,75.1023941,603.437134,263.964752,249.373001,34.9175453,365.88855,26.7659645,664.765137,65.9242554,797.04071,71.014328,590.567017,255.404968,1.0,0.103628695,0.0727959573,0.0522301421,0.0403960012,0.0343829803
36429191050166363,36.32189305466492,-6.0032653166846295,8283,108,1778.16406,39.2659035,2053.94849,32.6357422,2387.29688,72.538765,2738.41064,57.0579605,2719.95142,242.833038,1741.79004,38.1280975,2058.66431,32.4677734,2383.20264,71.889267,2734.81494,56.8430519,2717.18848,242.132034,0.0,0.103642724,0.0728058144,0.0522372127,0.0404014699,0.0343876332
36429191050166366,36.3300453544624,-6.002928884245446,8283,108,772.311096,39.932972,891.180481,33.7754898,1012.03088,74.4105759,1015.11377,75.0115433,1220.31641,278.788086,722.954529,37.3863945,769.919128,29.5967121,942.663879,69.2266464,973.891174,71.4617462,1122.59924,256.073914,1.0,0.103568286,0.0727535263,0.0521996953,0.0403724536,0.0343629345
36429191050166374,36.38881554135722,-6.001275414621841,8283,108,1139.9552,46.765686,2321.04834,54.0295448,3300.95459,101.505463,3280.42773,99.7649841,4204.07129,403.403931,731.751404,32.6351929,1001.10773,30.6687984,2150.98096,72.4115067,2170.04639,71.786026,2256.97705,254.648468,1.0,0.102628484,0.0720933452,0.0517260246,0.0400061049,0.0340511203
36429191050166387,36.41277927914683,-6.000156635074048,8283,108,801.342163,32.9133682,931.989502,30.0641918,1410.7373,75.7838516,1757.48792,71.1149139,1630.54395,251.041718,798.807495,32.9151764,934.757019,30.1934795,1413.44238,75.5468826,1762.60706,70.8737564,1606.52991,249.290756,0.0,0.102439001,0.0719602332,0.0516305193,0.0399322398,0.0339882486
36429191050166391,36.41082948496922,-5.999872423219731,8283,108,3717.04321,46.3086319,7375.60742,54.1561241,11190.0078,93.4656219,12878.5869,94.9026184,14824.8838,345.236511,2937.85669,37.6999664,4767.1875,38.1346474,8780.4707,74.615181,10269.3662,77.431778,10769.1416,258.985779,1.0,0.102444336,0.0719639808,0.051633209,0.0399343185,0.0339900181
36429191050166392,36.406119121313175,-5.999941444422309,8283,108,2464.67749,38.0271225,3632.64868,38.880825,3833.15161,74.8899841,4203.53467,76.4865494,3701.84399,264.891541,2367.84961,36.553215,3244.97681,35.4860497,3655.62476,71.4839706,4012.27686,72.7986984,3424.18848,247.221619,1.0,0.102480531,0.0719894096,0.0516514517,0.0399484299,0.0340020284
36429191050166393,36.40007958418545,-5.999803566039365,8283,108,504.781158,40.4267044,917.897522,44.4346046,1083.29163,83.8416061,1159.22339,89.6007233,1432.83264,315.185822,399.314392,32.0053291,593.653381,30.378294,872.02533,69.0591736,925.764282,71.7848358,1069.14539,239.331558,1.0,0.102527723,0.0720225647,0.0516752377,0.0399668254,0.0340176895
36429191050166395,36.42908808642586,-5.999698498790353,8283,108,555.490234,36.4209175,934.039001,32.1011581,1274.64404,71.1607361,1290.20825,73.5330963,1106.35791,235.742218,554.048462,36.2297211,924.837891,32.0871506,1288.36938,70.962616,1294.13965,73.3220291,1076.98401,234.160767,0.0,0.101777434,0.0714955032,0.0512970835,0.0396743529,0.033768747
36429191050166397,36.3855760322869,-5.998821694636696,8283,108,602.506958,46.4050522,2118.89819,57.6406708,5865.28467,127.436134,7174.64941,111.676712,11146.584,493.773804,367.496033,30.9198399,861.996948,29.9634094,3015.29956,70.8633041,4390.5249,72.1936569,5336.60498,253.859543,1.0,0.102378808,0.0719179511,0.0516001806,0.0399087742,0.0339682773
36429191050166398,36.370619227881214,-5.99881715297478,8283,108,617.664734,36.5389671,1128.57361,39.6755562,1638.78894,81.1934509,1596.90442,120.707184,2618.01758,313.650848,498.085663,30.7158566,773.532227,28.8165874,1407.45801,70.3019867,1346.21521,105.273415,2200.38452,265.4776,1.0,0.102679826,0.0721294135,0.0517519005,0.0400261208,0.034068156
36429191050166403,36.39207562411242,-5.998297562971378,8283,108,573.747742,48.8019829,905.752808,56.2604561,742.5,87.1097794,1196.11902,110.746719,901.953857,376.737457,350.685608,31.0203476,448.068756,29.5720215,586.789612,70.7361679,761.575073,71.8723145,548.604614,227.265274,1.0,0.102298066,0.0718612373,0.0515594892,0.0398773029,0.0339414887
36429191050166408,36.39280105774456,-5.997496304414279,8283,108,319.664093,39.2916298,446.647949,41.6590652,672.78302,84.2887344,822.230835,86.0764923,822.860229,240.377289,262.315613,32.7104836,296.051056,30.7771626,589.81189,73.8594513,702.774414,72.5552521,806.577087,232.060577,1.0,0.102208354,0.0717982128,0.0515142716,0.0398423299,0.0339117236
36429191050166411,36.388312417340344,-5.996697896430135,8283,108,530.742065,46.617794,1087.8772,57.2441101,1628.55396,104.361908,2001.83484,110.561317,2222.68262,419.975677,319.821228,31.4744606,457.162872,29.9983711,1044.63196,72.5051346,1235.55994,71.6128387,1025.46045,228.617645,1.0,0.10212186,0.0717374533,0.0514706783,0.039808616,0.0338830277
36429191050166412,36.414591464051085,-5.99654717947894,8283,108,1086.17322,49.6724854,1201.21338,59.3934479,1173.10266,108.734367,2100.59521,109.417152,2161.25513,502.61264,621.904053,31.5427208,416.94754,28.1012955,681.085876,71.5347748,1299.74524,71.8357239,1051.26599,247.598633,1.0,0.1018847,0.0715708584,0.0513511449,0.0397161655,0.0338043384
36429191050166414,36.39182927858521,-5.996579890370224,8283,108,278.263977,33.5979042,753.423706,35.2510986,925.499817,77.0182877,1366.96777,76.7145004,1598.05103,264.745117,252.559738,31.1044998,625.523621,29.7775764,858.342896,70.6436539,1267.09326,70.8569336,1426.58545,240.447098,1.0,0.102101244,0.0717229769,0.0514602885,0.0398005769,0.0338761844
36429191050166418,36.406919664056645,-5.99605219648993,8283,108,812.744141,37.4725685,747.57196,39.6069221,873.548035,84.3353424,1135.81763,81.6146393,875.68396,297.926453,687.210632,32.3909225,526.375183,29.3969173,751.313782,73.5806122,1000.54376,71.0733337,620.935425,237.173172,1.0,0.102147289,0.0717553198,0.051483497,0.039818529,0.0338914655
36429191050166421,36.43463267913461,-5.995310616523036,8283,108,505.370392,43.6263123,561.239441,40.372261,1103.14551,91.8610458,1571.92749,91.7669144,2740.10376,302.517242,388.187714,34.7953415,373.134918,30.1034775,868.055664,73.1086731,1220.01172,73.2283173,2216.67505,252.04689,1.0,0.101087958,0.0710111707,0.050949581,0.0394055843,0.0335399881
36429191050166422,36.41146759681082,-5.995385810721777,8283,108,393.143158,43.1347542,552.389038,49.9691696,814.800537,96.8550186,1463.11499,95.5699692,1174.5448,361.75946,268.162445,30.4857635,256.943054,27.6588516,552.835022,71.0145035,1024.47205,69.7472305,600.353577,243.720352,1.0,0.101898171,0.0715803206,0.0513579361,0.0397214144,0.0338088088
36429191050166428,36.3829196464702,-5.9944118329505445,8283,108,414.807312,42.7493324,942.78009,52.6587982,1173.19495,98.4934311,1717.04578,114.748947,1771.61853,430.861206,286.004944,31.0245419,456.356201,30.5938797,849.222473,75.3067017,1326.68152,89.8160019,959.414734,261.776245,1.0,0.101907894,0.0715871528,0.0513628386,0.0397252068,0.0338120349
36429191050166429,36.41041255173947,-5.994118614428944,8283,108,1244.44312,44.1702499,1781.14856,58.9625244,1421.19653,94.6752396,1568.59155,106.593605,2339.24902,331.586761,926.526062,33.9422913,896.841125,31.587656,1057.8501,74.0130615,1011.34558,70.4170227,1607.74194,240.285645,1.0,0.101789877,0.0715042502,0.0513033532,0.0396792032,0.0337728783
36429191050166430,36.406414337384774,-5.9940763361581455,8283,108,1715.30261,38.7871513,1974.30835,39.8405876,2095.96851,82.1802597,2002.01257,78.6987762,1783.21362,257.441315,1551.40784,35.3141289,1625.55786,33.395153,1919.91284,75.1267395,1848.93628,71.8810425,1639.50903,227.442276,1.0,0.101974159,0.071633704,0.0513962358,0.039751038,0.0338340215
36429191050166436,36.33153135227169,-5.993454936193529,8283,108,2459.14526,56.1661606,4752.8291,69.283493,6755.10889,127.673759,7558.04395,117.24073,7668.27295,429.970886,1396.00061,35.1324196,1544.26685,29.9040775,3451.49683,72.5787735,4237.7085,73.6027756,3839.42358,245.60965,1.0,0.102978922,0.0723395124,0.0519026481,0.0401427113,0.0341673903
36429191050166437,36.386234568973975,-5.993507434821353,8283,108,306.402802,30.8454399,312.708374,29.2904377,621.098022,72.94487,552.819153,71.1192856,535.965576,239.772354,311.461884,30.8519707,314.952881,29.3568077,617.163635,72.9970779,560.464661,70.9688263,522.47644,239.426453,0.0,0.101763785,0.0714859143,0.0512902029,0.0396690294,0.0337642208
36429191050166438,36.43007197548024,-5.993053389774114,8283,108,1628.16016,55.6915207,2881.69019,67.1973038,3625.17114,121.679153,3779.56812,116.645851,4481.78418,422.877502,835.3703,33.9784737,983.989929,31.0953236,1898.73645,75.1120987,1973.68604,71.5493317,1984.18921,239.805511,1.0,0.100846045,0.0708412305,0.0508276522,0.0393112823,0.033459723
36429191050166439,36.40922402083449,-5.9932737965712795,8283,108,513.908752,39.9674606,527.10376,37.5745468,670.414246,79.9929733,444.433258,80.5006104,579.486572,284.530334,414.418701,32.7845001,419.662781,30.5882511,619.166138,71.7015305,438.940918,72.0923309,475.695068,226.935196,1.0,0.101747364,0.0714743882,0.051281929,0.0396626294,0.0337587744
36429191050166440,36.339047676931024,-5.993122030870789,8283,108,540.516479,35.1922607,441.966919,28.4617367,716.393188,71.6756439,767.108154,71.3743668,1092.07288,247.622025,536.856812,34.2823448,444.286621,28.2357903,724.919495,71.0271378,787.876831,70.9526062,1079.02112,248.135773,0.0,0.102918863,0.0722973272,0.0518723764,0.0401192978,0.0341474637
36429191050166441,36.32703258193307,-5.992959503767005,8283,108,1093.8562,41.7991943,1379.19922,42.0356483,1750.43494,85.3684235,1589.96741,88.8262939,1586.1261,330.691132,963.81842,36.8535385,858.025574,28.0452309,1384.68884,66.9817581,1244.97314,69.9934845,1154.71008,253.700348,1.0,0.102976739,0.0723379776,0.0519015491,0.0401418582,0.0341666676
36429191050166443,36.42282557706982,-5.992793672423258,8283,108,1051.14648,40.8930893,1467.62549,46.3035698,2563.78979,94.0601883,2745.36328,86.4337921,3714.87207,325.191437,850.974976,34.6880684,963.227905,32.4685364,2037.37073,76.6131363,2194.91724,71.0326309,2778.39404,245.994965,1.0,0.101018488,0.0709623694,0.0509145632,0.0393785015,0.033516936
36429191050166444,36.39998481949348,-5.992933278645394,8283,108,203.724976,37.9445686,481.925049,41.1356926,565.392578,81.4139175,865.995239,97.7215118,920.424377,284.431183,178.395065,32.8364563,347.227264,31.4941101,484.550873,70.7245102,601.119141,71.7051697,843.143066,238.421692,1.0,0.101718962,0.0714544356,0.0512676165,0.0396515615,0.0337493494
36429191050166446,36.41191028999892,-5.992434498677931,8283,108,693.365662,33.6305046,623.551697,32.4877472,677.579895,73.7413254,1010.60248,76.4440155,1146.3905,258.259949,657.721558,31.5077686,552.905945,28.8192978,657.864563,69.5793152,972.076538,71.9081345,1045.73218,239.045807,1.0,0.10147351,0.0712820068,0.0511439033,0.0395558774,0.0336679108
36429191050166447,36.39132698649861,-5.992031224125881,8283,108,7508.29102,77.389061,21766.6738,112.513672,35087.1016,167.205658,49207.7383,163.76976,54581.7852,599.135071,2292.76562,35.1793709,3803.20996,37.043026,11937.1875,78.3870163,17606.7422,78.4639435,16439.7012,245.390915,1.0,0.101559572,0.0713424608,0.0511872768,0.0395894237,0.0336964652
36429191050166448,36.33829212359159,-5.992154702368913,8283,108,737.791077,51.8965187,879.458435,53.5828514,1650.63635,97.8791275,2159.67334,102.016647,2686.7041,471.444733,481.31015,36.3076897,319.53006,26.9358768,1036.11816,66.3573914,1359.35022,70.5256195,1464.60962,266.513184,1.0,0.102861822,0.072257258,0.0518436283,0.0400970615,0.0341285393
36429191050166449,36.385602763902355,-5.991712741551862,8283,108,662.758606,53.8092537,1523.92603,68.3538589,2189.00562,122.533272,2664.49585,118.471252,3816.95947,434.952545,303.387054,31.0740108,474.797668,30.7312469,1128.26526,76.8290405,1358.71814,72.2989197,1474.08862,227.264694,1.0,0.101554297,0.0713387579,0.0511846207,0.0395873673,0.0336947143
36429191050166450,36.37273687770644,-5.991676572920761,8283,108,777.732788,48.5374947,1287.97095,57.3689461,2160.77588,108.951813,2772.52539,159.597473,4486.06348,495.853485,352.13385,29.6864815,401.788086,27.7558632,1283.25403,71.2207489,1634.97034,105.165016,2253.07593,276.22052,1.0,0.101813704,0.0715209842,0.0513153635,0.0396884903,0.0337807834
36429191050166451,36.416646500570636,-5.991474463543541,8283,108,1116.45947,58.2383537,2687.93359,75.9630814,4855.46143,131.617096,7101.98779,143.375366,10065.0996,574.788574,524.041626,33.5601768,828.046753,31.6765995,2261.67896,74.3495941,3146.16602,71.8424835,3537.97754,240.791885,1.0,0.101091042,0.0710133389,0.0509511307,0.0394067839,0.0335410088
36429191050166453,36.41258951504458,-5.991072918140509,8283,108,5490.1084,53.1055489,8664.43262,63.794384,11471.9521,102.953644,12639.0195,100.672783,14018.2822,371.263123,3509.61328,38.5783157,3943.96558,37.1017151,7735.18262,74.2539139,8655.88965,73.43573,8398.1582,246.446594,1.0,0.10124518,0.0711216107,0.0510288216,0.0394668691,0.0335921533
36429191050166454,36.32779063969898,-5.991295055364146,8283,108,1354.51733,29.0595322,2375.44141,43.3332367,2905.93506,60.8447533,3454.46729,67.2325974,3820.92041,255.728348,1108.50879,23.8228245,1578.69629,30.7030869,2456.2876,51.9177322,2800.71851,55.3440895,3025.83179,211.393738,1.0,0.102867961,0.0722615719,0.051846724,0.0400994569,0.034130577
36429191050166455,36.365317124867104,-5.990962572718821,8283,108,13330.6826,49.6733246,18429.6621,57.0708351,21410.373,93.2841644,21689.4883,81.2308273,24312.5352,274.646851,13305.7891,49.4622421,18402.9023,56.8448944,21426.5957,92.9401093,21673.3105,80.8716354,24349.7168,275.710114,0.0,0.102000885,0.071652472,0.0514097065,0.0397614539,0.0338428877
36429191050166458,36.4226201039774,-5.990555940176341,8283,108,1978.5304,70.561615,2225.78809,79.4264145,2399.3562,128.650345,2673.27539,126.800293,3763.67432,613.098511,872.026672,35.5383377,655.96228,32.2244835,1160.1416,73.1588058,1369.46033,73.3740845,1319.49695,236.796265,1.0,0.100705199,0.0707422942,0.0507566631,0.039256379,0.033412993
36429191050166463,36.436074835895276,-5.990295602079634,8283,108,1257.49902,50.3886108,1514.75085,58.7241707,2262.08423,106.076431,3758.05933,101.092606,4286.77148,369.492279,842.76123,36.5242615,670.212402,32.4456139,1511.88391,77.0670547,2564.37061,73.0739136,2578.37646,243.124054,1.0,0.10034059,0.0704861656,0.0505728982,0.039114248,0.0332920179
36429191050166464,36.40009030610502,-5.990294837533657,8283,108,482.67514,36.5060654,547.512451,38.64991,682.869019,83.6644363,1027.2771,81.040657,1470.60889,329.53006,422.50531,31.4919415,407.431915,29.9235306,608.738647,73.1735611,885.311951,70.31073,1069.60962,229.265549,1.0,0.101388723,0.0712224469,0.0511011668,0.0395228267,0.0336397775
36429191050166465,36.392223680609796,-5.9901506888776685,8283,108,452.059113,47.4513397,792.45752,52.0338554,1166.59558,95.2687225,1304.47009,95.9252853,1329.24683,386.738312,277.591248,29.5077972,376.327637,27.9613724,801.266602,68.3520508,909.960327,70.0736694,804.091736,240.580215,1.0,0.101325363,0.0711779445,0.0510692336,0.039498128,0.0336187556
36429191050166468,36.37452767406687,-5.989554817634029,8283,108,440.197296,32.5066566,809.37146,36.1153297,1369.48901,58.7242165,1622.15027,84.7809677,1505.73584,284.43399,402.86261,29.6263771,672.561462,30.2918167,1267.87927,54.1139488,1505.20593,78.4691696,1355.51038,261.690979,1.0,0.101506919,0.0713054761,0.0511607416,0.0395689011,0.0336789936
36429191050166475,36.39563452040431,-5.988858480876029,8283,108,6601.46191,82.6156387,13384.3555,117.742416,14908.2754,172.743179,20050.0527,179.144928,19499.084,677.128052,1800.58606,32.3875809,2135.30518,31.2702122,4447.83594,68.3708954,6309.604,72.2320786,4985.92139,253.161682,1.0,0.101167984,0.0710673854,0.0509899147,0.0394367799,0.0335665382
36429191050166477,36.37592893411281,-5.9888371273410845,8283,108,477.481812,37.4762154,891.681396,43.4046021,1377.15637,64.552597,1568.35962,93.5681763,1504.87915,224.682358,378.009247,29.9635925,634.104553,30.7753487,1143.6239,54.31007,1305.21716,78.6807404,1236.63379,188.427917,1.0,0.101380751,0.0712168515,0.0510971509,0.0395197198,0.0336371325
36429191050166479,36.421473783847574,-5.9884528750884245,8283,108,870.334045,58.8089333,2024.09265,72.8488083,2857.26294,128.123062,3367.44629,122.323784,4817.24316,563.719421,429.988007,31.8743229,605.779541,29.5792046,1392.70752,71.5487289,1740.20508,71.4859467,1914.94141,252.567856,1.0,0.100439794,0.0705558583,0.0506228954,0.0391529202,0.0333249345
36429191050166480,36.36770211792517,-5.9885551167417415,8283,108,202.980347,33.2790604,371.009369,36.4235535,730.689209,59.6496849,911.645935,71.1968765,1201.56836,222.228012,171.702255,28.8530483,264.050964,28.1221066,661.074341,53.3223839,806.296814,63.5450134,970.775452,195.810867,1.0,0.101616852,0.0713827014,0.0512161478,0.0396117568,0.0337154716
36429191050166481,36.339718174898685,-5.988507666437471,8283,108,474.159912,24.4960003,749.989929,29.370863,1547.44873,53.118103,2133.42456,60.1154976,1983.63623,177.80072,455.075348,23.2807007,676.820251,26.9735031,1499.38342,51.2736435,2070.97534,58.2727547,1936.12146,171.751114,1.0,0.102625445,0.0720912069,0.0517244898,0.0400049165,0.0340501107
36429191050166482,36.43696638134403,-5.988338496048883,8283,108,931.070557,38.3027534,1658.95679,40.4275208,2266.91797,81.5511703,2493.21753,82.7200012,3060.36084,302.806549,794.987,32.9930382,1168.24011,30.0494442,1940.40503,70.4800186,2171.08276,71.9648666,2487.97314,250.93718,1.0,0.100032412,0.0702696815,0.0504175723,0.0389941186,0.0331897698
36429191050166483,36.33490747538065,-5.988283652354946,8283,108,519.830261,28.6452484,1165.69373,43.7710419,1589.21143,64.1588669,2028.09692,74.3367615,1803.29688,231.355804,412.623474,23.3279743,683.923157,28.2947941,1265.72864,52.2886696,1556.74866,58.4836197,1306.84802,169.648895,1.0,0.102635391,0.0720981956,0.051729504,0.0400087945,0.0340534113
36429191050166487,36.41570007827892,-5.987994303347599,8283,108,893.869934,43.5154076,1417.95496,51.0061722,1750.74438,95.0821304,1698.4491,94.7397003,1664.63318,410.126495,636.329102,32.208683,711.791626,30.219326,1251.5885,71.5703583,1178.17224,71.7784653,997.318909,247.551727,1.0,0.100634322,0.070692502,0.0507209376,0.0392287485,0.0333894752
36429191050166488,36.44185700272248,-5.98798082346143,8283,108,828.376221,36.4633904,937.858948,34.1765938,1101.75,76.5879288,1118.31311,75.5080566,1488.67468,248.6651,785.870117,35.037571,837.140625,31.282959,1059.34583,73.6885071,1074.88611,72.6478958,1372.95081,235.383575,1.0,0.0999481082,0.0702104568,0.0503750816,0.0389612541,0.0331617966
36429191050166489,36.369271555570634,-5.988074874178269,8283,108,324.23642,34.5373421,356.186768,39.7950058,566.097778,61.0976982,598.160461,88.3951035,818.122803,214.995651,259.827698,28.6661949,227.893539,28.7543602,484.300812,53.1026382,505.260864,77.3857651,656.144165,181.466904,1.0,0.101498403,0.0712994933,0.0511564463,0.0395655818,0.0336761698
36429191050166490,36.34460312591178,-5.987872389815381,8283,108,1783.5686,31.3506241,2316.39429,47.640976,3819.03027,64.0773087,5029.49561,76.3512192,4586.87549,218.05014,1358.58618,24.6120567,1357.09619,31.6408997,3015.01245,52.2393417,3780.01611,58.9604225,3532.80298,172.336502,1.0,0.10256502,0.072048761,0.0516940355,0.0399813652,0.0340300612
36429191050166496,36.434060514659926,-5.987540176749643,8283,108,201.348709,35.964283,552.902954,34.6619186,581.003662,80.8310699,540.225769,78.2408524,454.334076,266.89917,187.893219,33.3549576,476.514618,29.9911385,537.904907,72.5757065,539.181458,72.3641129,467.975281,248.640381,1.0,0.0999477208,0.0702101886,0.0503748842,0.0389611013,0.0331616662
36429191050166497,36.43924957182197,-5.9872160710731315,8283,108,2431.94849,37.4882431,3306.74097,34.0810966,3826.20972,72.6931,3864.13721,74.4864883,4165.01123,244.433258,2425.76953,37.1990318,3306.85889,34.1181068,3845.58545,72.4196167,3861.8147,74.1791306,4142.90088,243.930679,0.0,0.0998381153,0.0701331943,0.0503196418,0.038918376,0.0331253
36429191050166500,36.34369207180991,-5.986818024332756,8283,108,1499.93933,31.8423729,2530.271,53.4475212,5259.96484,75.560318,6212.25439,78.5314941,8469.62793,271.723541,1072.6272,24.0847416,1229.26843,29.8784866,3514.22607,52.8770828,4513.8999,59.5586815,4944.96582,166.455887,1.0,0.102501258,0.0720039681,0.0516618975,0.0399565063,0.0340089053
36429191050166505,36.398690878426166,-5.986514521986953,8283,108,761.798462,43.5599289,1245.38867,51.9881248,2104.54736,93.1395187,1917.98022,93.7812271,3302.52417,408.790222,507.934509,32.0770493,604.372498,30.6159725,1482.59644,68.7492752,1433.96619,71.0966568,1931.40332,241.820358,1.0,0.10088139,0.0708660632,0.0508454666,0.0393250622,0.0334714502
36429191050166508,36.375550603385314,-5.986281575500192,8283,108,565.150208,38.3616333,1239.17725,45.667923,2893.8313,65.3226395,4089.32446,91.2526016,5638.08203,252.806198,409.65033,28.8218727,735.203674,27.8727665,2242.79126,51.7446823,3322.75049,74.3805389,4250.88965,197.509766,1.0,0.101071574,0.0709996596,0.0509413183,0.0393991955,0.0335345492
36429191050166510,36.33650615497749,-5.985705756119775,8283,108,1919.06055,43.0454292,4139.25732,78.0748749,10807.0625,97.681572,15679.5557,108.21801,18634.2246,342.652008,890.581482,23.9642963,918.975159,28.2511597,4863.91162,53.9279518,7315.21631,59.4502678,7892.11572,171.949814,1.0,0.102463104,0.0719771683,0.0516426675,0.039941635,0.0339962468
36429191050166513,36.431202255979436,-5.985638886189802,8283,108,210.723343,36.4400101,463.447845,36.2120972,597.52655,82.9665375,686.89563,77.2795181,502.118713,263.423492,205.075455,33.6510315,396.936371,31.6144714,570.356567,74.3414383,685.113281,71.2423325,510.8992,243.309067,1.0,0.0997058675,0.070040293,0.0502529889,0.0388668254,0.0330814235
36429191050166518,36.43576427435983,-5.985127661860743,8283,108,3364.37402,52.8875999,4697.00879,55.181427,6270.73096,103.856537,6721.20996,99.1351242,7168.03516,350.642578,2243.08301,37.056324,2570.32007,34.221405,4362.41016,75.0694962,4749.2417,72.8790283,4498.03711,233.706879,1.0,0.0995421633,0.0699253008,0.0501704812,0.0388030112,0.0330271088
36429191050166522,36.419394694483735,-5.984986233141883,8283,108,844.939087,36.619091,1072.83508,39.103302,1059.64709,83.2251434,1002.21295,78.8769379,1061.30042,274.741364,776.433777,33.6497192,865.176392,31.7768402,953.751404,74.6906815,894.868469,70.7427368,886.830261,238.562378,1.0,0.100001901,0.0702482536,0.0504021943,0.0389822237,0.0331796445
36429191050166524,36.44639884373305,-5.9845878061359175,8283,108,1043.87073,58.5819054,2662.74878,72.2098999,3166.03076,126.200241,4332.7793,139.560837,5067.26562,557.470459,514.014404,33.3728943,818.616943,30.555706,1556.17468,73.0781174,1937.41602,73.5259857,1905.76172,243.150116,1.0,0.099413991,0.0698352605,0.0501058809,0.0387530476,0.0329845808
36429191050166525,36.44403919129908,-5.98462304341456,8283,108,291.342896,44.6438141,489.206024,45.8334427,1033.89246,90.3596725,1440.96912,88.7414169,1535.71716,310.092834,209.611496,33.5088577,269.464661,30.0775337,819.770935,73.2744522,1137.427,72.1668549,1076.34802,234.391739,1.0,0.0994103849,0.0698327273,0.050104063,0.0387516394,0.032983385
36429191050166526,36.33476978296719,-5.984085987749921,8283,108,637.747314,44.1858749,2130.73242,78.3674545,6246.78223,99.983429,9624.22559,105.85743,11998.9385,342.918213,303.280731,23.4356213,741.994995,30.8272972,3071.51221,52.3587303,4805.64307,55.3701897,5652.54004,167.832825,1.0,0.102369063,0.0719111115,0.0515952744,0.0399049781,0.0339650474
36429191050166528,36.4143265874628,-5.9839384831777105,8283,108,532.534058,35.9630356,536.599976,38.1092606,670.396606,76.0259171,653.691895,82.5223541,546.884216,288.887787,467.785034,31.7173214,434.944916,30.180542,586.030579,67.0531006,589.354126,73.0244064,495.714691,246.137817,1.0,0.100036718,0.0702727064,0.0504197404,0.038995795,0.0331911966
36429191050166529,36.40945939711209,-5.983732772086251,8283,108,770.625671,55.7728271,1471.35217,57.0778389,2150.88208,111.851944,2426.73267,106.892159,2714.30566,380.944977,420.296692,31.4604092,644.995117,30.0907021,1250.3396,70.1914902,1512.521,70.2857513,1446.15454,243.808197,1.0,0.10017468,0.0703696162,0.0504892729,0.0390495732,0.0332369693
36429191050166530,36.39795966015766,-5.983586291173111,8283,108,2431.34937,61.5367813,3476.24463,72.4274979,3723.32056,110.092766,4215.26807,110.085381,4324.66455,411.70752,1243.00452,33.2351608,1353.49255,32.0827866,2180.90405,68.8543625,2390.62866,66.6310654,2246.88965,241.091476,1.0,0.100479767,0.0705839321,0.0506430417,0.0391684994,0.0333381929
36429191050166534,36.370868969890495,-5.9836571202893705,8283,108,281.131561,29.8564777,367.751892,27.8657742,489.940369,53.5575256,501.761871,60.0605354,388.399597,203.106369,294.72522,28.7643719,360.167236,27.375452,495.468597,50.3545532,495.12207,56.733963,440.698456,195.196381,0.0,0.100883693,0.07086768,0.0508466251,0.0393259563,0.0334722139
36429191050166535,36.373926749583305,-5.983470137719406,8283,108,479.961731,45.4880142,784.005615,56.7240753,1462.07605,76.9470978,1647.16138,84.3676987,1587.61963,297.364471,243.084991,28.0430565,291.504456,27.8432922,895.200623,52.2059822,985.212402,55.6230583,941.052429,192.501099,1.0,0.100757129,0.0707787722,0.050782837,0.0392766222,0.0334302224
36429191050166536,36.36883159115756,-5.983372646765311,8283,108,618.054993,44.2169838,1076.57361,59.0045624,1930.33716,76.751297,2761.60645,90.2018051,2962.52563,308.45697,360.104797,29.1376686,480.642334,29.219429,1236.32556,51.5477867,1668.09595,57.4718018,1712.1875,186.206879,1.0,0.100923136,0.0708953887,0.050866507,0.0393413343,0.0334853008
